{"weightsInputToHidden":[2.820271208166507,2.629816876828616,-6.298435584397054,-4.149707334536427,2.946582427625882],"biasesHidden":[-1.2388868115241962,-1.0798363038579861,3.5848406609817256,2.191892423420448,-1.345459005863868],"weightsHiddenToOutput":[3.41257029571765,3.1569628654775386,-7.5024286098261825,-4.736095404513348,3.496046006188725],"biasOutput":-0.5550124765009308}