{"weightsInputToHidden":[-0.45114513956627444,3.148922656485803,8.646671827833245,0.753830232239921,1.1044824996004978],"biasesHidden":[0.4446020758858405,-1.9021714555508618,-5.179851916047008,0.839321176214807,-0.013828504343585101],"weightsHiddenToOutput":[-1.4203419476275772,2.837169369233369,9.750881226227373,-0.8423292317311444,0.04631245663510556],"biasOutput":-4.7048400585948995}