{"weightsInputToHidden":[8.27111767760961,-2.9451991105615263,-0.1340288697560063,1.0998762888966147,-1.9836631622576868],"biasesHidden":[-4.893980768903861,1.5935635611692296,0.8622290070598322,0.23201684495998356,1.0861339616864223],"weightsHiddenToOutput":[9.712911595635614,-3.618029370930006,-0.7091736766505509,0.6787703851262074,-2.4918393646372086],"biasOutput":-1.9891286289990653}