{"weightsInputToHidden":[-5.4793052565732046,0.7765598813597437,1.1462588036437336,6.946557126457308,-0.4495763379000763],"biasesHidden":[3.1418410894182847,0.46750061258870196,-0.12352033471448409,-4.058896673996169,0.8602848736907954],"weightsHiddenToOutput":[-6.675045169250138,0.4907935258258632,0.9841690124739727,8.112735255506204,-0.7460302268859692],"biasOutput":-1.4798426088547498}